,Image,Distance,Target (y/n)
0,image_0020.jpg,0.0,y
1,image_0016.jpg,0.16558074951171875,n
2,image_0001.jpg,0.1700350046157837,n
3,image_0006.jpg,0.18622684478759766,n
4,image_1130.jpg,0.1995183825492859,n
5,image_0049.jpg,0.20759552717208862,n
